time,open,high,low,close,volume
2025-09-01 01:00:00,109054.2,109255.31,108076.66,108270.38,238.6238
2025-09-01 03:00:00,108270.37,108500.0,107650.0,108164.01,322.80964
2025-09-01 05:00:00,108164.01,108217.99,107416.0,107676.24,355.56206
2025-09-01 07:00:00,107676.0,107998.99,107264.33,107880.0,245.41178
2025-09-01 09:00:00,107880.01,109449.27,107610.0,109449.27,370.26015
2025-09-01 11:00:00,109449.27,109926.83,109434.05,109538.59,386.06476
2025-09-01 13:00:00,109538.58,109560.0,108188.82,108785.98,409.52679
2025-09-01 15:00:00,108785.98,109546.6,108644.0,109027.09,362.89738
2025-09-01 17:00:00,109027.1,109398.14,108580.0,108802.63,311.0094
2025-09-01 19:00:00,108802.0,109123.04,108409.53,108946.01,351.21164
2025-09-01 21:00:00,108946.0,109349.49,108934.0,109217.78,168.80489
2025-09-01 23:00:00,109217.79,109230.0,107478.3,107808.0,561.64049
2025-09-02 01:00:00,107807.99,109457.99,107604.0,109250.0,366.36497
2025-09-02 03:00:00,109250.0,109616.04,108898.0,109321.99,303.58992
2025-09-02 05:00:00,109321.99,110630.0,109173.57,110334.01,379.64665
2025-09-02 07:00:00,110334.01,110425.95,110046.01,110217.02,215.57566
2025-09-02 09:00:00,110217.01,110630.0,110011.15,110257.99,252.50084
2025-09-02 11:00:00,110256.0,110737.35,110056.0,110480.0,272.18644
2025-09-02 13:00:00,110479.99,110500.0,109581.39,109756.97,211.75317
2025-09-02 15:00:00,109756.96,111305.76,108414.17,111182.51,971.42906
2025-09-02 17:00:00,111182.5,111797.0,110650.29,110857.76,824.38864
2025-09-02 19:00:00,110856.01,111150.0,110503.05,110927.45,473.91076
2025-09-02 21:00:00,110926.33,110962.52,110203.14,110818.14,328.02635
2025-09-02 23:00:00,110818.14,111566.0,110728.44,111142.01,326.33789
2025-09-03 01:00:00,111142.0,111300.0,110871.95,111259.9,128.89991
2025-09-03 03:00:00,111259.9,111800.0,110920.0,111198.01,196.70625
2025-09-03 05:00:00,111198.0,111503.99,110912.0,111062.01,186.77125
2025-09-03 07:00:00,111062.0,111172.0,110689.73,110720.0,137.85296
2025-09-03 09:00:00,110720.0,111144.63,110545.45,111123.4,194.44307
2025-09-03 11:00:00,111123.39,111349.07,110911.18,111334.01,143.61719
2025-09-03 13:00:00,111334.01,111730.0,111184.01,111468.0,179.17088
2025-09-03 15:00:00,111468.0,111939.17,111060.0,111501.23,324.88489
2025-09-03 17:00:00,111501.23,112547.01,111148.0,112258.0,523.89183
2025-09-03 19:00:00,112258.01,112625.62,111713.52,112346.01,493.16626
2025-09-03 21:00:00,112346.01,112561.64,111810.01,112240.0,242.19495
2025-09-03 23:00:00,112243.57,112306.0,111803.17,112037.24,156.72876
2025-09-04 01:00:00,112037.24,112197.15,111667.27,111758.0,96.75908
2025-09-04 03:00:00,111758.0,112237.42,111663.09,112004.09,137.64377
2025-09-04 05:00:00,112004.1,112041.99,111183.07,111199.98,208.8164
2025-09-04 07:00:00,111200.0,111377.99,110624.0,110708.0,278.31103
2025-09-04 09:00:00,110707.99,110781.35,110326.52,110500.01,261.08812
2025-09-04 11:00:00,110500.0,110901.74,110446.09,110859.99,117.20066
2025-09-04 13:00:00,110860.0,111193.71,110584.01,110854.01,234.8957
2025-09-04 15:00:00,110858.0,111175.22,110250.01,110501.77,267.94031
2025-09-04 17:00:00,110501.76,110556.0,109359.46,109532.55,671.49887
2025-09-04 19:00:00,109532.55,109943.99,109376.46,109808.92,378.01503
2025-09-04 21:00:00,109808.93,110239.38,109723.28,109823.08,530.89115
2025-09-04 23:00:00,109823.09,110569.18,109774.47,110510.01,230.65797
2025-09-05 01:00:00,110510.01,111774.8,110496.01,110741.29,237.56341
2025-09-05 03:00:00,110738.44,111151.77,110449.3,111133.97,152.31154
2025-09-05 05:00:00,111133.97,111507.91,111054.0,111332.0,172.54277
2025-09-05 07:00:00,111332.0,111750.0,111156.7,111602.02,133.67592
2025-09-05 09:00:00,111602.02,113014.51,111529.43,112981.77,487.43749
2025-09-05 11:00:00,112981.76,113012.0,112145.98,112320.0,295.88871
2025-09-05 13:00:00,112319.99,112592.45,112149.0,112369.19,175.54939
2025-09-05 15:00:00,112369.2,113418.82,112037.65,113105.99,928.158
2025-09-05 17:00:00,113105.99,113105.99,110292.65,110730.02,1023.14758
2025-09-05 19:00:00,110731.99,110948.0,110232.18,110624.0,252.5524
2025-09-05 21:00:00,110624.0,111643.45,110588.0,111634.72,374.80451
2025-09-05 23:00:00,111634.71,111720.0,110400.0,110630.21,575.8626
2025-09-06 01:00:00,110630.2,110946.02,110524.01,110678.6,480.16949
2025-09-06 03:00:00,110681.15,110940.0,110572.37,110889.99,104.5297
2025-09-06 05:00:00,110889.99,111329.99,110750.0,111099.55,76.83711
2025-09-06 07:00:00,111099.56,111099.56,110716.01,110727.99,50.3875
2025-09-06 09:00:00,110728.0,110852.0,110724.84,110844.16,28.11592
2025-09-06 11:00:00,110847.96,110987.99,110718.0,110722.74,59.70825
2025-09-06 13:00:00,110722.75,110899.08,110686.06,110808.01,54.04677
2025-09-06 15:00:00,110808.01,110972.65,110772.27,110956.01,61.46886
2025-09-06 17:00:00,110956.01,111020.0,110385.28,110419.99,150.05312
2025-09-06 19:00:00,110420.0,110437.99,110000.01,110182.0,176.09202
2025-09-06 21:00:00,110182.01,110321.99,110028.0,110073.0,80.86661
2025-09-06 23:00:00,110075.84,110257.08,110068.0,110239.88,58.52743
2025-09-07 01:00:00,110239.88,110322.0,110113.99,110229.99,60.42674
2025-09-07 03:00:00,110230.0,110622.0,110214.0,110581.99,112.12201
2025-09-07 05:00:00,110582.0,110769.0,110474.0,110656.0,65.83272
2025-09-07 07:00:00,110656.01,110727.4,110512.0,110680.54,41.86007
2025-09-07 09:00:00,110680.54,110942.33,110492.01,110778.0,109.64921
2025-09-07 11:00:00,110778.0,111400.0,110740.96,111144.39,260.79371
2025-09-07 13:00:00,111144.4,111328.76,111060.54,111325.6,63.19638
2025-09-07 15:00:00,111325.61,111333.31,111072.0,111233.54,60.80086
2025-09-07 17:00:00,111233.54,111423.41,111080.83,111342.0,103.56732
2025-09-07 19:00:00,111342.0,111386.0,110903.99,110983.99,97.22325
2025-09-07 21:00:00,110984.0,111315.7,110879.2,111278.81,79.90852
2025-09-07 23:00:00,111278.82,111380.35,111060.0,111060.0,69.35273
2025-09-08 01:00:00,111060.0,111624.89,111009.67,111144.4,158.97478
2025-09-08 03:00:00,111140.01,111299.99,110732.0,110900.19,171.057
2025-09-08 05:00:00,110900.19,111382.02,110630.0,111055.99,161.59582
2025-09-08 07:00:00,111056.0,111227.79,110910.0,111047.99,104.19664
2025-09-08 09:00:00,111047.99,111627.72,110922.01,111300.49,176.93502
2025-09-08 11:00:00,111300.49,112098.67,111252.0,112096.0,296.59468
2025-09-08 13:00:00,112098.66,112204.0,111764.01,112056.08,206.12746
2025-09-08 15:00:00,112056.08,112372.0,111864.49,111910.0,340.98549
2025-09-08 17:00:00,111914.0,112940.0,111879.66,112650.01,392.85863
2025-09-08 19:00:00,112650.0,112688.0,112092.7,112218.0,197.8271
2025-09-08 21:00:00,112218.0,112539.99,112003.66,112122.89,131.87937
2025-09-08 23:00:00,112124.02,112358.15,111910.99,112349.99,238.06671
2025-09-09 01:00:00,112350.0,112531.49,112009.53,112087.45,204.79946
2025-09-09 03:00:00,112087.45,112125.2,111289.81,111388.62,193.50821
2025-09-09 05:00:00,111388.62,111765.53,111132.0,111730.0,141.68521
2025-09-09 07:00:00,111730.01,112259.99,111650.02,112218.0,198.04746
2025-09-09 09:00:00,112218.0,113300.0,112164.97,113016.01,544.07489
2025-09-09 11:00:00,113016.02,113191.99,112912.0,112984.02,210.7405
2025-09-09 13:00:00,112984.02,113067.32,112431.11,112458.0,167.15591
2025-09-09 15:00:00,112458.0,112979.15,112411.77,112787.99,185.55521
2025-09-09 17:00:00,112788.7,112976.98,110783.42,110890.06,944.99218
2025-09-09 19:00:00,110890.06,111216.7,110798.0,111044.0,276.87623
2025-09-09 21:00:00,111044.0,111418.27,110931.17,111316.0,112.82254
2025-09-09 23:00:00,111320.89,111750.0,111099.93,111307.99,156.1928
2025-09-10 01:00:00,111308.0,111645.15,111274.43,111556.8,94.77482
2025-09-10 03:00:00,111558.67,111578.21,110937.89,111026.01,200.86743
2025-09-10 05:00:00,111027.99,111606.83,111027.99,111568.38,164.17534
2025-09-10 07:00:00,111567.85,111752.08,111384.7,111601.25,145.39597
2025-09-10 09:00:00,111601.99,112614.0,111415.27,112560.0,320.01745
2025-09-10 11:00:00,112560.0,112872.88,112115.37,112286.0,288.11895
2025-09-10 13:00:00,112286.0,112442.0,112174.48,112321.32,153.07218
2025-09-10 15:00:00,112322.0,114345.99,112322.0,113980.0,1108.50188
2025-09-10 17:00:00,113982.0,114313.68,113764.22,113889.71,303.6897
2025-09-10 19:00:00,113892.07,114112.82,113460.0,113770.0,304.56456
2025-09-10 21:00:00,113770.01,113926.85,113186.0,113618.56,317.3839
2025-09-10 23:00:00,113618.57,113949.65,113566.78,113884.0,309.67367
2025-09-11 01:00:00,113884.01,114086.77,113752.03,114007.0,339.70444
2025-09-11 03:00:00,114007.0,114222.22,113720.15,113948.22,152.03183
2025-09-11 05:00:00,113948.22,114490.0,113761.91,114441.09,156.83894
2025-09-11 07:00:00,114441.09,114441.09,114000.01,114303.17,170.97641
2025-09-11 09:00:00,114303.17,114500.0,114000.0,114134.1,206.33904
2025-09-11 11:00:00,114134.11,114273.92,113823.62,113942.05,210.2675
2025-09-11 13:00:00,113947.0,114163.41,113934.02,114059.94,187.51231
2025-09-11 15:00:00,114059.95,114769.18,113459.96,114674.93,894.45801
2025-09-11 17:00:00,114677.52,114754.89,113971.23,114223.44,396.10603
2025-09-11 19:00:00,114219.51,114649.0,114219.51,114635.99,187.6923
2025-09-11 21:00:00,114635.99,114671.19,114130.78,114477.79,207.55926
2025-09-11 23:00:00,114478.16,114570.43,114293.74,114529.99,108.59121
2025-09-12 01:00:00,114530.0,115547.45,114483.55,115541.71,378.61336
2025-09-12 03:00:00,115541.7,116373.0,115422.07,115432.0,499.23469
2025-09-12 05:00:00,115434.52,115720.25,115093.01,115249.83,253.20141
2025-09-12 07:00:00,115249.82,115720.0,115139.15,115678.19,271.98881
2025-09-12 09:00:00,115678.2,115678.2,115138.06,115144.98,179.81615
2025-09-12 11:00:00,115144.99,115324.99,114924.99,115091.95,315.5523
2025-09-12 13:00:00,115091.95,115200.0,114950.0,114967.93,162.4996
2025-09-12 15:00:00,114967.94,115267.59,114664.15,115212.66,274.48213
2025-09-12 17:00:00,115212.65,115536.12,114911.39,115169.86,229.30207
2025-09-12 19:00:00,115169.86,116000.0,115068.05,115885.01,411.03001
2025-09-12 21:00:00,115885.01,116800.0,115833.99,116756.16,806.72734
2025-09-12 23:00:00,116756.96,116756.96,115875.0,115963.0,285.31353
2025-09-13 01:00:00,115963.0,116463.26,115963.0,116122.97,170.86455
2025-09-13 03:00:00,116122.98,116373.12,115678.85,115850.02,228.59215
2025-09-13 05:00:00,115850.02,116103.33,115779.03,116039.47,135.28644
2025-09-13 07:00:00,116039.47,116039.48,115750.0,115795.1,128.3169
2025-09-13 09:00:00,115795.11,115947.9,115740.01,115860.2,96.13074
2025-09-13 11:00:00,115860.21,116148.03,115851.33,116115.01,119.67281
2025-09-13 13:00:00,116115.01,116274.18,115965.16,116047.94,147.3085
2025-09-13 15:00:00,116047.95,116141.86,115700.0,115837.76,229.18298
2025-09-13 17:00:00,115837.76,116037.09,115677.82,115848.29,171.69658
2025-09-13 19:00:00,115848.29,115899.98,115215.3,115640.87,348.12143
2025-09-13 21:00:00,115640.87,115887.64,115502.0,115868.67,129.07631
2025-09-13 23:00:00,115868.67,116074.84,115868.66,115979.99,145.31794
2025-09-14 01:00:00,115980.0,116071.99,115882.77,115985.28,86.04106
2025-09-14 03:00:00,115985.27,116075.76,115810.32,116028.75,90.74934
2025-09-14 05:00:00,116028.75,116186.24,115718.37,115748.43,110.87764
2025-09-14 07:00:00,115748.43,116000.0,115526.78,115939.62,141.88046
2025-09-14 09:00:00,115939.63,116018.71,115762.63,115876.0,73.99999
2025-09-14 11:00:00,115876.01,116241.9,115830.6,116117.66,89.20503
2025-09-14 13:00:00,116117.66,116210.11,115829.91,115877.97,122.98114
2025-09-14 15:00:00,115877.98,115951.88,115288.0,115420.01,227.32063
2025-09-14 17:00:00,115420.01,115769.67,115210.41,115296.0,233.48889
2025-09-14 19:00:00,115294.0,115728.68,115256.13,115623.94,144.09028
2025-09-14 21:00:00,115623.94,115703.77,115394.23,115703.77,86.57756
2025-09-14 23:00:00,115703.76,116153.77,115677.4,116123.79,128.46516
2025-09-15 01:00:00,116123.79,116144.58,115202.5,115343.0,176.66292
2025-09-15 03:00:00,115342.79,115347.74,114885.96,115296.23,240.9763
2025-09-15 05:00:00,115296.24,115654.0,115275.09,115494.24,73.22885
2025-09-15 07:00:00,115494.24,116630.6,115454.73,116566.52,292.91084
2025-09-15 09:00:00,116566.52,116814.48,115684.0,115867.08,248.11941
2025-09-15 11:00:00,115867.08,115870.0,114674.26,114918.89,465.30536
2025-09-15 13:00:00,114918.89,115249.99,114759.23,115115.01,178.13603
2025-09-15 15:00:00,115115.01,115140.41,114411.76,114713.9,314.79708
2025-09-15 17:00:00,114713.91,115082.31,114457.83,114889.07,424.64501
2025-09-15 19:00:00,114889.07,115176.0,114648.8,115171.02,179.63707
2025-09-15 21:00:00,115171.01,115600.0,114938.05,115335.0,326.38796
2025-09-15 23:00:00,115336.95,115564.9,115242.0,115549.16,139.99043
2025-09-16 01:00:00,115549.17,115654.35,115257.17,115399.99,119.96704
2025-09-16 03:00:00,115400.0,115563.73,114988.69,115065.47,129.97658
2025-09-16 05:00:00,115065.47,115471.7,115065.47,115348.01,74.72227
2025-09-16 07:00:00,115348.01,115998.99,114969.36,115980.92,233.39473
2025-09-16 09:00:00,115980.92,116055.22,115635.08,115879.0,175.39138
2025-09-16 11:00:00,115880.99,116023.07,115483.67,115518.0,131.14919
2025-09-16 13:00:00,115518.01,115634.99,115247.01,115325.96,117.15048
2025-09-16 15:00:00,115325.72,115590.98,114759.6,115230.72,339.94268
2025-09-16 17:00:00,115230.71,115951.45,114848.01,115951.44,266.01385
2025-09-16 19:00:00,115951.44,116923.4,115636.95,116517.39,411.47121
2025-09-16 21:00:00,116517.4,116883.87,116278.99,116863.62,325.47829
2025-09-16 23:00:00,116863.63,116999.94,116643.77,116860.67,191.01074
2025-09-17 01:00:00,116860.68,117008.99,116677.24,116845.87,132.75344
2025-09-17 03:00:00,116845.87,116883.61,116560.06,116727.47,103.52079
2025-09-17 05:00:00,116727.47,117140.0,116426.47,116427.87,173.4096
2025-09-17 07:00:00,116427.86,117286.19,116225.79,117184.88,282.89704
2025-09-17 09:00:00,117184.88,117350.0,117042.01,117235.57,185.02433
2025-09-17 11:00:00,117235.57,117254.98,116615.38,116615.38,212.47289
2025-09-17 13:00:00,116615.39,116668.99,116300.0,116304.03,127.29224
2025-09-17 15:00:00,116304.03,116571.83,115960.08,116162.3,205.24413
2025-09-17 17:00:00,116167.15,116300.82,115508.9,115927.99,228.27968
2025-09-17 19:00:00,115927.98,116350.39,115436.07,115581.02,298.38926
2025-09-17 21:00:00,115582.1,116381.24,114800.0,115713.02,1079.04084
2025-09-17 23:00:00,115706.74,116198.51,115389.4,116110.67,196.52995
2025-09-18 01:00:00,116110.67,117041.17,116100.16,116496.75,334.08565
2025-09-18 03:00:00,116498.94,116933.32,116149.47,116702.99,228.6926
2025-09-18 05:00:00,116703.0,117963.8,116500.0,117636.02,413.09199
2025-09-18 07:00:00,117636.04,117822.78,117224.42,117326.62,237.33524
2025-09-18 09:00:00,117326.63,117386.91,116939.13,117130.94,189.23388
2025-09-18 11:00:00,117130.95,117481.0,117066.66,117358.0,214.73227
2025-09-18 13:00:00,117357.99,117364.19,117066.66,117117.57,120.34231
2025-09-18 15:00:00,117117.57,117725.79,117030.04,117486.01,299.6273
2025-09-18 17:00:00,117486.0,117915.27,117378.38,117647.98,363.0932
2025-09-18 19:00:00,117647.99,117870.46,117492.01,117656.44,222.68639
2025-09-18 21:00:00,117656.45,117996.97,117256.5,117523.93,281.8459
2025-09-18 23:00:00,117523.94,117723.66,117356.81,117356.81,93.83432
2025-09-19 01:00:00,117356.81,117400.0,116709.78,117137.89,259.10516
2025-09-19 03:00:00,117137.88,117527.99,117093.0,117308.0,161.75108
2025-09-19 05:00:00,117308.01,117362.44,116922.24,117043.8,108.66553
2025-09-19 07:00:00,117043.81,117176.09,116765.82,116959.61,192.74201
2025-09-19 09:00:00,116959.61,117063.98,116700.02,116977.43,177.08856
2025-09-19 11:00:00,116977.43,117166.66,116550.0,116552.99,209.59244
2025-09-19 13:00:00,116552.99,116627.23,116370.0,116461.84,226.85163
2025-09-19 15:00:00,116461.85,116594.99,116137.16,116356.09,230.39617
2025-09-19 17:00:00,116356.09,116558.0,115526.12,115948.78,330.44082
2025-09-19 19:00:00,115948.78,116208.71,115612.52,115612.52,241.33226
2025-09-19 21:00:00,115612.53,115699.99,115188.4,115203.89,252.54354
2025-09-19 23:00:00,115203.9,115620.35,115176.48,115544.82,159.57785
2025-09-20 01:00:00,115544.82,115738.98,115529.4,115703.97,71.96304
2025-09-20 03:00:00,115703.97,115805.59,115631.01,115697.04,138.51414
2025-09-20 05:00:00,115697.04,115697.04,115489.92,115525.51,97.45436
2025-09-20 07:00:00,115525.51,115796.85,115492.25,115796.84,126.97709
2025-09-20 09:00:00,115796.85,116062.38,115705.08,116042.01,133.13321
2025-09-20 11:00:00,116042.01,116042.01,115734.99,115743.99,134.44376
2025-09-20 13:00:00,115743.99,115976.06,115743.99,115946.65,165.43982
2025-09-20 15:00:00,115946.66,116033.12,115880.0,115992.44,98.21292
2025-09-20 17:00:00,115992.45,116200.0,115965.9,116070.12,163.37578
2025-09-20 19:00:00,116070.12,116161.42,115900.76,115904.33,103.05701
2025-09-20 21:00:00,115904.34,115904.34,115776.68,115780.01,97.07368
2025-09-20 23:00:00,115780.02,116026.41,115764.91,115869.63,74.08413
2025-09-21 01:00:00,115869.64,115878.75,115678.0,115753.89,64.71676
2025-09-21 03:00:00,115753.89,115805.24,115570.62,115571.56,81.44351
2025-09-21 05:00:00,115571.56,115798.99,115526.01,115750.02,86.0824
2025-09-21 07:00:00,115750.02,115763.23,115568.11,115763.23,61.93092
2025-09-21 09:00:00,115763.23,115909.77,115711.8,115909.77,84.99641
2025-09-21 11:00:00,115909.77,115919.99,115407.77,115761.84,181.03028
2025-09-21 13:00:00,115761.84,115785.0,115578.73,115682.79,108.75012
2025-09-21 15:00:00,115682.79,115832.54,115682.79,115739.22,107.73127
2025-09-21 17:00:00,115739.23,115770.12,115550.01,115608.01,114.67845
2025-09-21 19:00:00,115608.01,115712.01,115300.0,115697.08,269.5959
2025-09-21 21:00:00,115697.08,115746.69,115401.46,115569.99,94.9398
2025-09-21 23:00:00,115570.0,115587.34,115330.24,115481.89,59.85425
2025-09-22 01:00:00,115481.88,115627.08,115262.0,115314.26,103.8548
2025-09-22 03:00:00,115314.25,115453.28,114337.44,114357.95,674.85244
2025-09-22 05:00:00,114357.95,114740.51,114229.41,114740.51,333.96101
2025-09-22 07:00:00,114740.51,114740.52,113712.76,113729.99,243.06512
2025-09-22 09:00:00,113756.98,113772.0,111820.12,112615.98,1628.52137
2025-09-22 11:00:00,112615.99,112879.65,112270.01,112430.62,338.93026
2025-09-22 13:00:00,112433.35,113072.98,112355.04,112970.97,266.93104
2025-09-22 15:00:00,112970.98,113267.81,112484.76,113243.0,282.43903
2025-09-22 17:00:00,113243.0,113626.37,112666.67,112908.88,357.52737
2025-09-22 19:00:00,112908.88,112993.07,112341.6,112476.43,218.06622
2025-09-22 21:00:00,112476.42,112912.86,112022.52,112218.99,253.34983
2025-09-22 23:00:00,112218.98,113073.23,112058.73,113063.32,213.21156
2025-09-23 01:00:00,113063.01,113063.01,112691.87,112759.62,109.86543
2025-09-23 03:00:00,112759.62,112937.59,112250.0,112256.0,167.25128
2025-09-23 05:00:00,112256.0,112595.05,111580.43,112445.5,340.05758
2025-09-23 07:00:00,112445.5,112977.63,111970.01,112752.01,315.95648
2025-09-23 09:00:00,112752.01,113202.03,112696.96,113172.31,215.00718
2025-09-23 11:00:00,113172.31,113372.0,112955.93,113011.58,182.43714
2025-09-23 13:00:00,113011.57,113178.0,112772.0,113072.13,117.07868
2025-09-23 15:00:00,113072.12,113146.93,112810.16,113027.63,183.56267
2025-09-23 17:00:00,113027.63,113384.37,112566.38,112956.99,233.70076
2025-09-23 19:00:00,112956.99,113040.0,111931.89,112018.2,398.25326
2025-09-23 21:00:00,112018.2,112269.52,111592.17,111716.19,392.69658
2025-09-23 23:00:00,111716.18,112239.88,111520.54,112202.79,140.12853
2025-09-24 01:00:00,112202.79,112284.24,111919.0,112044.24,98.80655
2025-09-24 03:00:00,112044.24,112549.39,111848.26,112495.81,159.17679
2025-09-24 05:00:00,112495.81,112541.99,111721.18,111742.7,415.39993
2025-09-24 07:00:00,111742.7,112716.63,111089.81,112687.76,318.0616
2025-09-24 09:00:00,112687.76,112824.49,112501.23,112637.06,158.17554
2025-09-24 11:00:00,112637.06,112855.0,112452.18,112780.26,173.67351
2025-09-24 13:00:00,112780.26,113195.58,112705.62,113069.61,239.79365
2025-09-24 15:00:00,113069.6,113275.0,112849.97,112877.99,232.70478
2025-09-24 17:00:00,112878.0,113954.78,112878.0,113412.0,416.69245
2025-09-24 19:00:00,113412.0,114013.86,113223.42,113824.0,248.1706
2025-09-24 21:00:00,113824.01,113898.72,113358.35,113494.43,406.86349
2025-09-24 23:00:00,113494.99,113682.97,113355.34,113407.99,274.72306
2025-09-25 01:00:00,113411.02,113711.6,113267.61,113374.03,189.60833
2025-09-25 03:00:00,113374.03,113577.67,112509.73,112727.97,367.15872
2025-09-25 05:00:00,112728.16,113246.92,112256.82,112579.61,437.09438
2025-09-25 07:00:00,112579.62,112661.23,111609.9,111779.99,489.45107
2025-09-25 09:00:00,111777.12,111924.81,111476.35,111807.0,239.71502
2025-09-25 11:00:00,111807.0,112291.0,111609.94,111609.95,194.16657
2025-09-25 13:00:00,111609.94,111916.0,111333.33,111400.99,260.87017
2025-09-25 15:00:00,111400.99,111777.77,110678.79,111053.11,994.64483
2025-09-25 17:00:00,111053.11,111796.0,110919.2,111662.13,678.93883
2025-09-25 19:00:00,111662.13,111749.16,108719.0,108900.99,1305.82221
2025-09-25 21:00:00,108910.95,110021.0,108702.79,109417.0,738.78989
2025-09-25 23:00:00,109418.99,109729.78,109118.0,109463.18,280.89094
2025-09-26 01:00:00,109463.18,109754.41,108829.25,109057.98,341.02882
2025-09-26 03:00:00,109057.98,109845.74,108877.66,109769.0,311.31052
2025-09-26 05:00:00,109762.86,109877.99,109361.0,109651.57,179.03566
2025-09-26 07:00:00,109651.56,109704.0,109160.01,109330.02,152.41433
2025-09-26 09:00:00,109330.02,109706.99,109016.0,109421.01,708.665
2025-09-26 11:00:00,109421.0,109837.28,109402.59,109665.91,282.74424
2025-09-26 13:00:00,109665.9,109670.24,108700.0,109215.42,341.88578
2025-09-26 15:00:00,109215.41,109867.01,108900.0,109746.08,730.59051
2025-09-26 17:00:00,109746.08,109858.34,108844.11,109094.02,519.19305
2025-09-26 19:00:00,109094.02,110313.0,109094.02,109989.99,342.60848
2025-09-26 21:00:00,109990.0,110391.97,109117.1,109252.96,381.72319
2025-09-26 23:00:00,109252.97,109618.57,109175.1,109547.5,124.12368
2025-09-27 01:00:00,109547.5,109768.37,109426.08,109717.12,90.64644
2025-09-27 03:00:00,109717.13,109743.18,109401.0,109511.0,123.94921
2025-09-27 05:00:00,109510.99,109841.98,109402.59,109636.22,165.80389
2025-09-27 07:00:00,109636.22,109820.37,109588.97,109714.81,109.85381
2025-09-27 09:00:00,109714.81,109714.81,109410.5,109484.34,85.25962
2025-09-27 11:00:00,109484.34,109484.34,109149.0,109371.48,141.50278
2025-09-27 13:00:00,109371.48,109550.0,109334.98,109392.34,108.88304
2025-09-27 15:00:00,109392.34,109550.0,109319.51,109384.45,145.45355
2025-09-27 17:00:00,109384.46,109498.38,109271.88,109469.01,134.58318
2025-09-27 19:00:00,109469.01,109497.37,109319.22,109458.33,143.03172
2025-09-27 21:00:00,109458.33,109512.36,109415.03,109490.01,60.9686
2025-09-27 23:00:00,109490.01,109551.81,109424.94,109544.62,47.13068
2025-09-28 01:00:00,109544.63,109769.83,109521.77,109703.99,119.12208
2025-09-28 03:00:00,109703.99,109861.73,109405.0,109421.2,163.24301
2025-09-28 05:00:00,109421.2,109612.61,109417.0,109517.0,89.44871
2025-09-28 07:00:00,109517.0,109554.2,109420.01,109420.02,31.30117
2025-09-28 09:00:00,109420.02,109606.84,109333.18,109578.01,124.10366
2025-09-28 11:00:00,109578.01,109645.91,109400.44,109586.01,171.02745
2025-09-28 13:00:00,109586.02,109586.02,109325.0,109443.01,103.74413
2025-09-28 15:00:00,109443.01,109729.22,109254.79,109690.02,211.87096
2025-09-28 17:00:00,109690.02,110090.4,109566.17,110087.99,177.92354
2025-09-28 19:00:00,110088.98,110458.43,110050.02,110259.59,197.34298
2025-09-28 21:00:00,110259.13,110435.91,110117.03,110375.54,122.1657
2025-09-28 23:00:00,110375.54,110994.23,110344.19,110886.32,183.85341
2025-09-29 01:00:00,110886.97,112404.78,110886.97,112224.95,374.18007
2025-09-29 03:00:00,112224.95,112382.94,111788.22,111920.99,285.45677
2025-09-29 05:00:00,111921.0,112082.98,111639.27,111934.31,181.10943
2025-09-29 07:00:00,111934.31,111960.94,111628.37,111812.26,166.18089
2025-09-29 09:00:00,111812.27,111925.32,111601.73,111920.63,237.78488
2025-09-29 11:00:00,111920.63,112469.07,111920.63,112157.24,211.82929
2025-09-29 13:00:00,112157.23,112284.39,111976.36,112166.01,146.89509
2025-09-29 15:00:00,112166.01,113552.32,111961.89,113298.48,442.44382
2025-09-29 17:00:00,113298.48,114324.54,113280.01,113891.99,596.25542
2025-09-29 19:00:00,113891.99,114245.0,113528.52,114136.99,433.39696
2025-09-29 21:00:00,114136.99,114475.41,113939.39,114344.76,598.54491
2025-09-29 23:00:00,114344.76,114500.0,114158.84,114259.6,313.24514
2025-09-30 01:00:00,114259.6,114486.4,114097.13,114400.55,144.58501
2025-09-30 03:00:00,114400.0,114874.0,114125.02,114604.99,333.47225
2025-09-30 05:00:00,114605.0,114686.6,114383.56,114464.05,166.03948
2025-09-30 07:00:00,114464.05,114464.05,113924.0,113989.99,179.70408
2025-09-30 09:00:00,113989.99,114176.99,113664.6,113785.27,245.73823
2025-09-30 11:00:00,113785.27,113834.46,112823.01,112863.51,502.71787
2025-09-30 13:00:00,112863.5,113217.83,112740.17,113132.62,233.89687
2025-09-30 15:00:00,113132.62,113759.45,112941.17,113468.76,354.74245
2025-09-30 17:00:00,113472.17,113706.36,112979.91,113169.53,440.93571
2025-09-30 19:00:00,113169.53,113561.21,112841.32,113289.41,252.12232
2025-09-30 21:00:00,113289.42,114626.99,113221.16,114424.54,1017.28217
2025-09-30 23:00:00,114424.54,114807.69,114165.02,114217.0,268.0183
2025-10-01 01:00:00,114214.33,114419.0,113766.63,114090.0,189.56538
2025-10-01 03:00:00,114090.0,114597.69,114007.1,114597.0,262.93174
2025-10-01 05:00:00,114597.0,114600.81,114156.59,114230.02,198.47907
2025-10-01 07:00:00,114234.49,114793.33,114198.2,114624.0,249.74529
2025-10-01 09:00:00,114623.99,114680.65,114283.96,114598.88,193.3159
2025-10-01 11:00:00,114598.88,116660.25,114538.87,116483.08,929.66541
2025-10-01 13:00:00,116483.09,116858.99,116270.16,116857.0,265.00776
2025-10-01 15:00:00,116857.01,116966.0,116433.5,116881.89,316.71586
2025-10-01 17:00:00,116884.0,117740.06,116783.01,117517.01,630.47763
2025-10-01 19:00:00,117517.02,118297.0,116809.2,116852.0,877.38543
2025-10-01 21:00:00,116852.01,117708.0,116852.0,117516.25,730.53578
2025-10-01 23:00:00,117516.24,117666.66,117244.01,117639.99,202.71312
2025-10-02 01:00:00,117640.0,118736.86,117640.0,118682.89,503.82809
2025-10-02 03:00:00,118682.03,119536.66,118444.91,118704.01,754.66173
2025-10-02 05:00:00,118704.0,119144.95,118555.85,118807.35,302.68126
2025-10-02 07:00:00,118807.35,119000.0,118337.53,118441.83,280.81586
2025-10-02 09:00:00,118441.82,118763.5,118362.38,118575.0,205.37538
2025-10-02 11:00:00,118575.01,118942.71,118436.01,118938.98,176.88154
2025-10-02 13:00:00,118938.99,119000.0,118625.6,118849.68,236.55971
2025-10-02 15:00:00,118849.67,119848.76,118825.0,119713.04,424.40953
2025-10-02 17:00:00,119713.04,119998.0,118612.01,119997.99,736.42785
2025-10-02 19:00:00,119997.99,120387.27,119434.26,119997.0,642.33742
2025-10-02 21:00:00,119997.0,121128.0,119991.0,120937.04,861.75962
2025-10-02 23:00:00,120937.04,121014.5,120177.75,120235.45,286.09634
2025-10-03 01:00:00,120235.44,120787.87,120162.53,120625.99,210.31646
2025-10-03 03:00:00,120625.99,120667.07,119929.6,119981.1,213.70867
2025-10-03 05:00:00,119981.1,120587.9,119981.1,120330.81,217.58422
2025-10-03 07:00:00,120330.81,120429.66,119858.73,120028.82,172.67
2025-10-03 09:00:00,120028.83,120180.56,119723.8,119751.28,193.35611
2025-10-03 11:00:00,119751.28,120482.9,119348.49,120405.43,391.12116
2025-10-03 13:00:00,120405.43,120621.52,120246.44,120448.22,182.99751
2025-10-03 15:00:00,120448.23,120821.09,120201.02,120490.74,311.96544
2025-10-03 17:00:00,120490.74,122480.0,119977.28,122374.02,860.75461
2025-10-03 19:00:00,122374.99,123999.0,121705.88,122168.96,1811.76219
2025-10-03 21:00:00,122172.0,123066.54,121577.86,122774.01,631.06252
2025-10-03 23:00:00,122774.02,122838.69,122113.9,122411.25,367.36558
2025-10-04 01:00:00,122411.25,122770.47,122283.65,122335.78,98.2395
2025-10-04 03:00:00,122335.79,122400.6,121825.0,121970.0,227.31299
2025-10-04 05:00:00,121972.27,122441.89,121797.0,122349.94,206.7704
2025-10-04 07:00:00,122349.95,122920.97,122326.13,122633.93,120.77431
2025-10-04 09:00:00,122633.93,122708.81,122353.74,122417.54,115.83246
2025-10-04 11:00:00,122417.55,122628.8,122281.61,122309.1,114.67689
2025-10-04 13:00:00,122309.1,122428.86,122051.13,122064.21,126.42906
2025-10-04 15:00:00,122064.2,122600.01,122029.36,122478.9,170.93462
2025-10-04 17:00:00,122478.91,122584.2,121791.6,121881.99,273.1149
2025-10-04 19:00:00,121884.2,122083.7,121687.58,121842.35,275.61012
2025-10-04 21:00:00,121842.36,122058.15,121605.75,122058.14,133.19925
2025-10-04 23:00:00,122058.15,122426.3,121954.65,122279.43,153.09922
2025-10-05 01:00:00,122279.43,122499.97,122224.3,122480.58,69.77624
2025-10-05 03:00:00,122480.58,122499.99,122214.26,122471.71,99.39905
2025-10-05 05:00:00,122471.71,124427.34,122426.2,123855.16,1049.8234
2025-10-05 07:00:00,123852.03,125778.22,123813.2,125167.32,1244.47286
2025-10-05 09:00:00,125167.33,125269.09,124550.0,124772.56,404.83018
2025-10-05 11:00:00,124772.56,124882.76,122830.0,123065.12,835.47837
2025-10-05 13:00:00,123065.11,123612.66,122555.65,123517.92,434.73136
2025-10-05 15:00:00,123517.92,123517.92,122981.87,123209.24,214.39267
2025-10-05 17:00:00,123212.0,123381.73,122724.0,122855.27,165.95545
2025-10-05 19:00:00,122855.27,123528.66,122353.97,123121.17,304.97659
2025-10-05 21:00:00,123121.17,123266.54,122543.7,122645.38,196.87482
2025-10-05 23:00:00,122645.37,123108.2,122518.5,122781.4,166.9085
2025-10-06 01:00:00,122781.4,123592.0,122781.4,123529.91,291.10968
2025-10-06 03:00:00,123529.91,124421.0,123136.67,124097.01,496.21324
2025-10-06 05:00:00,124097.0,124303.99,123546.49,123916.17,257.70648
2025-10-06 07:00:00,123916.17,124065.63,123350.48,123626.01,237.00947
2025-10-06 09:00:00,123626.01,124221.04,123340.0,123449.01,323.56386
2025-10-06 11:00:00,123449.01,124135.31,123449.0,124026.52,313.18643
2025-10-06 13:00:00,124026.51,124599.01,123800.61,124291.28,353.70665
2025-10-06 15:00:00,124286.83,125143.77,124245.58,125107.02,593.73285
2025-10-06 17:00:00,125107.02,125490.0,124405.25,125072.98,621.49045
2025-10-06 19:00:00,125072.98,125916.57,124889.79,125375.0,562.07832
2025-10-06 21:00:00,125375.01,126296.0,125124.39,125494.99,1132.45848
2025-10-06 23:00:00,125494.98,125624.54,124597.99,125180.33,349.33058
2025-10-07 01:00:00,125180.33,125402.05,124714.0,124750.19,235.99764
2025-10-07 03:00:00,124750.19,125168.77,124523.06,124781.88,198.39717
2025-10-07 05:00:00,124781.88,124781.88,124180.01,124401.92,173.38852
2025-10-07 07:00:00,124401.04,124744.16,124184.71,124495.93,217.28604
2025-10-07 09:00:00,124495.94,124559.97,123667.05,123768.59,364.99311
2025-10-07 11:00:00,123768.58,124350.0,123409.08,124212.21,305.11704
2025-10-07 13:00:00,124212.2,124623.72,124118.51,124568.99,187.32595
2025-10-07 15:00:00,124568.99,125256.95,123455.34,124000.01,582.87958
2025-10-07 17:00:00,124000.02,124110.09,121275.32,121937.01,1353.67706
2025-10-07 19:00:00,121937.01,122174.67,120900.0,121206.59,691.071
2025-10-07 21:00:00,121206.59,122083.35,120662.98,121709.58,821.87283
2025-10-07 23:00:00,121709.58,122376.65,121709.58,122090.0,277.97159
2025-10-08 01:00:00,122090.0,122252.0,121340.62,121419.0,203.72928
2025-10-08 03:00:00,121419.01,122172.24,121371.0,122029.66,238.3717
2025-10-08 05:00:00,122029.65,122303.24,121303.03,121451.43,219.90984
2025-10-08 07:00:00,121451.43,121971.59,121153.81,121423.0,264.18946
2025-10-08 09:00:00,121423.0,121936.77,121122.97,121653.8,183.04379
2025-10-08 11:00:00,121653.8,122921.22,121584.84,122577.55,279.10844
2025-10-08 13:00:00,122577.55,123259.26,122549.11,122937.61,234.09578
2025-10-08 15:00:00,122937.61,123110.72,121715.0,122651.22,291.43064
2025-10-08 17:00:00,122651.22,123402.43,122008.57,122242.13,442.45581
2025-10-08 19:00:00,122240.78,124226.75,122158.0,124104.31,515.30015
2025-10-08 21:00:00,124104.32,124258.35,123207.81,123495.03,558.59147
2025-10-08 23:00:00,123495.02,123763.24,122844.54,123327.82,189.20524
2025-10-09 01:00:00,123327.83,123577.0,123111.44,123359.01,118.8663
2025-10-09 03:00:00,123359.01,123397.76,122385.55,122592.75,249.44202
2025-10-09 05:00:00,122592.74,122596.72,121529.0,122091.18,277.61233
2025-10-09 07:00:00,122091.18,122315.2,121882.0,122155.62,268.17986
2025-10-09 09:00:00,122155.62,122234.0,121775.23,121964.52,184.4528
2025-10-09 11:00:00,121964.52,122021.19,121193.78,121854.6,359.27292
2025-10-09 13:00:00,121854.61,122891.45,121698.71,122794.34,335.54103
2025-10-09 15:00:00,122794.34,123815.0,122348.1,122474.96,665.25255
2025-10-09 17:00:00,122470.84,122676.48,120739.48,121217.54,861.89708
2025-10-09 19:00:00,121217.55,121554.92,119739.8,121045.96,1075.43054
2025-10-09 21:00:00,121045.97,121218.68,120466.7,121054.58,383.25499
2025-10-09 23:00:00,121058.87,121599.75,120913.66,121553.58,350.93565
2025-10-10 01:00:00,121553.59,121843.95,121434.6,121723.6,150.48842
2025-10-10 03:00:00,121723.6,121962.35,121563.81,121714.13,108.38116
2025-10-10 05:00:00,121714.14,121731.68,120987.95,121090.97,325.20758
2025-10-10 07:00:00,121090.97,121665.0,121048.33,121639.99,150.69037
2025-10-10 09:00:00,121639.99,121819.37,120930.01,120999.99,240.33011
2025-10-10 11:00:00,120999.99,121838.56,120984.98,121368.0,183.60796
2025-10-10 13:00:00,121367.99,121711.8,121283.76,121614.49,110.58626
2025-10-10 15:00:00,121614.5,122587.45,121439.15,121728.61,354.5409
2025-10-10 17:00:00,121728.61,122122.59,118531.25,119072.99,1474.23238
2025-10-10 19:00:00,119076.97,119491.99,117622.0,117672.14,991.85743
2025-10-10 21:00:00,117672.14,117891.5,115975.0,116684.42,906.65478
2025-10-10 23:00:00,116689.99,117242.13,102000.0,113934.15,6197.06352
2025-10-11 01:00:00,113934.15,115000.0,111705.89,112978.92,4259.02083
2025-10-11 03:00:00,112978.92,113333.26,111191.48,111247.12,1509.88868
2025-10-11 05:00:00,111247.12,113467.25,111218.8,112443.15,949.60441
2025-10-11 07:00:00,112443.14,113125.33,111827.63,112523.99,466.439
2025-10-11 09:00:00,112523.99,112892.45,110215.23,110504.81,920.74869
2025-10-11 11:00:00,110508.0,111997.0,110289.0,111743.83,657.59012
2025-10-11 13:00:00,111743.83,112459.45,111738.27,112387.78,407.90533
2025-10-11 15:00:00,112387.77,112627.68,111983.55,112378.01,343.70242
2025-10-11 17:00:00,112378.01,112498.58,111908.03,111908.03,375.79895
2025-10-11 19:00:00,111908.04,112308.65,111550.47,112120.01,394.32664
2025-10-11 21:00:00,112120.01,112156.8,110974.63,111312.36,392.47358
2025-10-11 23:00:00,111312.37,111496.68,109693.74,111016.17,777.43745
2025-10-12 01:00:00,111016.17,111431.15,110772.21,110775.0,378.61373
2025-10-12 03:00:00,110775.0,110807.25,109693.0,110086.02,447.36298
2025-10-12 05:00:00,110086.02,111474.32,109702.0,110802.99,538.76879
2025-10-12 07:00:00,110802.99,112061.96,110720.77,111804.0,412.56968
2025-10-12 09:00:00,111804.0,112219.03,111575.87,111634.56,369.70739
2025-10-12 11:00:00,111634.56,111960.31,111206.82,111880.34,407.89134
2025-10-12 13:00:00,111880.34,112160.0,111499.96,111893.27,393.27999
2025-10-12 15:00:00,111893.26,112287.12,111300.0,111344.99,528.86555
2025-10-12 17:00:00,111344.99,113798.45,111222.74,113255.6,1595.17121
2025-10-12 19:00:00,113255.61,114761.0,113255.61,113899.97,1118.88732
2025-10-12 21:00:00,113899.97,114482.08,113643.98,114422.58,458.64603
2025-10-12 23:00:00,114422.58,115700.58,114368.79,114974.23,612.635
2025-10-13 01:00:00,114981.59,115845.39,114843.53,115073.27,490.95486
2025-10-13 03:00:00,115073.27,116029.97,114888.96,115820.87,642.38181
2025-10-13 05:00:00,115820.87,116080.0,114730.08,114933.61,277.75417
2025-10-13 07:00:00,114931.86,115118.76,114460.0,114706.31,405.62905
2025-10-13 09:00:00,114706.31,115637.63,114487.95,115478.1,329.83119
2025-10-13 11:00:00,115478.09,115519.73,114843.77,115212.48,282.60745
2025-10-13 13:00:00,115215.52,115249.56,113717.76,114287.74,539.29557
2025-10-13 15:00:00,114287.73,115632.18,114040.0,115454.77,801.60274
2025-10-13 17:00:00,115454.77,115582.0,113906.25,114429.87,623.89384
2025-10-13 19:00:00,114429.87,115290.0,114328.85,115135.8,483.30919
2025-10-13 21:00:00,115133.01,115999.98,114814.68,115903.92,507.88721
2025-10-13 23:00:00,115903.93,115988.99,115507.26,115816.99,204.42263
2025-10-14 01:00:00,115817.0,115945.19,115111.11,115280.89,171.69736
2025-10-14 03:00:00,115280.9,115524.56,114212.68,114375.0,252.10307
2025-10-14 05:00:00,114375.0,114401.0,113368.0,113590.87,364.83575
2025-10-14 07:00:00,113590.88,113778.63,112462.09,112583.69,664.4075
2025-10-14 09:00:00,112583.69,112783.0,111451.84,111795.25,719.06009
2025-10-14 11:00:00,111798.01,112248.46,111144.61,111390.02,477.9946
2025-10-14 13:00:00,111395.98,111801.0,110140.0,111404.98,796.10431
2025-10-14 15:00:00,111404.99,111457.63,109961.01,111100.0,771.15036
2025-10-14 17:00:00,111100.0,112979.35,111000.0,112965.0,760.13997
2025-10-14 19:00:00,112964.99,113267.87,111765.0,112847.03,891.63644
2025-10-14 21:00:00,112847.04,113604.55,112082.08,112669.12,802.76943
2025-10-14 23:00:00,112669.12,113250.0,112284.36,113179.01,248.39844
2025-10-15 01:00:00,113179.01,113650.0,112881.29,113100.12,256.1687
2025-10-15 03:00:00,113090.14,113171.28,112387.33,112797.24,245.84571
2025-10-15 05:00:00,112797.24,113682.16,111890.97,112087.81,335.33451
2025-10-15 07:00:00,112093.6,112731.99,111815.94,112498.01,285.0103
2025-10-15 09:00:00,112498.01,112766.65,111958.74,112645.66,320.86344
2025-10-15 11:00:00,112645.66,113600.0,112457.2,112641.12,395.34657
2025-10-15 13:00:00,112641.12,112738.58,111779.59,111999.63,431.01376
2025-10-15 15:00:00,111999.62,112176.47,110805.51,111468.98,676.42458
2025-10-15 17:00:00,111466.48,112323.97,110456.08,110873.72,847.37431
2025-10-15 19:00:00,110873.72,111248.28,110226.59,111248.28,552.83147
2025-10-15 21:00:00,111248.27,111628.13,110885.6,111313.19,384.26467
2025-10-15 23:00:00,111327.78,111624.24,110560.96,110903.76,434.61094
2025-10-16 01:00:00,110903.76,111446.41,110640.94,110817.07,231.01508
2025-10-16 03:00:00,110817.07,111399.99,110416.88,111363.0,252.8774
2025-10-16 05:00:00,111363.0,111922.48,111079.5,111396.24,282.85156
2025-10-16 07:00:00,111398.49,111730.9,110781.5,111005.67,258.08989
2025-10-16 09:00:00,111005.67,111819.97,110599.37,110616.01,407.7798
2025-10-16 11:00:00,110615.45,111698.0,109659.88,111202.0,798.82533
2025-10-16 13:00:00,111201.99,111770.51,111037.79,111455.01,368.03823
2025-10-16 15:00:00,111455.02,112030.91,110730.0,110905.95,548.29682
2025-10-16 17:00:00,110905.96,111479.94,108397.21,108610.01,1707.75525
2025-10-16 19:00:00,108603.14,109321.0,107620.56,108328.12,1418.65749
2025-10-16 21:00:00,108328.12,108818.14,107720.8,108254.83,973.97606
2025-10-16 23:00:00,108254.84,108560.28,107400.0,108469.34,674.46393
2025-10-17 01:00:00,108469.34,108538.66,107767.8,108215.8,303.78233
2025-10-17 03:00:00,108215.81,109139.13,107958.94,108865.55,382.06759
2025-10-17 05:00:00,108865.55,109272.29,108430.0,109209.8,282.73406
2025-10-17 07:00:00,109209.8,109272.72,108336.27,108416.0,344.70966
2025-10-17 09:00:00,108416.0,108549.24,105549.0,105639.6,1338.07488
2025-10-17 11:00:00,105639.6,105727.72,104500.0,104541.43,1693.6872
2025-10-17 13:00:00,104540.16,106615.78,103529.01,105693.16,1397.38275
2025-10-17 15:00:00,105693.15,106196.33,104892.12,105865.39,783.16086
2025-10-17 17:00:00,105866.53,106870.99,104550.43,106805.23,954.5415
2025-10-17 19:00:00,106805.23,107590.66,106100.0,106477.8,622.58509
2025-10-17 21:00:00,106474.19,107131.14,106270.01,106484.4,473.18558
2025-10-17 23:00:00,106488.59,107489.44,106377.47,107341.57,252.70778
2025-10-18 01:00:00,107341.57,107486.28,106430.06,106474.21,227.44013
2025-10-18 03:00:00,106474.22,107350.82,106370.03,107196.64,287.15586
2025-10-18 05:00:00,107196.64,107349.0,106543.54,107127.9,279.51334
2025-10-18 07:00:00,107127.98,107127.99,106493.25,106867.2,206.08111
2025-10-18 09:00:00,106863.91,107548.39,106682.51,106742.9,260.87704
2025-10-18 11:00:00,106739.4,107028.2,106660.7,106945.88,173.17272
2025-10-18 13:00:00,106945.89,107275.96,106809.99,107256.65,162.15734
2025-10-18 15:00:00,107256.65,107354.6,106860.63,106942.82,132.60024
2025-10-18 17:00:00,106942.82,107197.93,106786.0,106996.01,172.97713
2025-10-18 19:00:00,106996.01,107113.36,106525.59,106919.42,170.53607
2025-10-18 21:00:00,106919.42,107136.95,106764.85,107119.63,88.89668
2025-10-18 23:00:00,107119.63,107389.98,106893.36,107214.54,144.80369
2025-10-19 01:00:00,107214.54,107340.79,107058.53,107226.02,84.93801
2025-10-19 03:00:00,107226.01,107309.39,106780.07,107009.0,157.98901
2025-10-19 05:00:00,107009.0,107396.21,106839.63,107302.78,147.37356
2025-10-19 07:00:00,107302.79,107323.3,106841.96,106926.64,163.10837
2025-10-19 09:00:00,106926.81,106952.99,106590.31,106811.75,114.61751
2025-10-19 11:00:00,106811.75,108236.0,106136.22,107434.79,1002.4643
2025-10-19 13:00:00,107441.4,108288.5,107032.36,107829.91,415.97103
2025-10-19 15:00:00,107829.91,108261.34,107396.75,108118.49,243.54575
2025-10-19 17:00:00,108118.5,108662.06,107913.36,108527.93,448.40968
2025-10-19 19:00:00,108527.93,109488.11,108289.56,109156.98,469.39453
2025-10-19 21:00:00,109156.02,109500.0,108856.53,108955.1,306.10769
2025-10-19 23:00:00,108955.1,109043.99,108658.96,108796.76,188.80148
2025-10-20 01:00:00,108796.77,109416.97,108485.0,108689.01,372.09915
2025-10-20 03:00:00,108689.01,108689.01,107471.07,108102.42,566.52984
2025-10-20 05:00:00,108101.4,110466.0,107899.4,110171.78,585.31998
2025-10-20 07:00:00,110181.5,111163.96,109995.6,111075.15,562.79478
2025-10-20 09:00:00,111075.16,111458.11,111036.03,111224.22,611.9375
2025-10-20 11:00:00,111224.21,111712.0,110749.96,111012.97,392.43478
2025-10-20 13:00:00,111012.96,111151.46,110669.33,111066.8,268.81674
2025-10-20 15:00:00,111066.8,111268.55,110625.01,111197.0,422.82261
2025-10-20 17:00:00,111197.01,111742.83,110746.0,111189.26,536.11014
2025-10-20 19:00:00,111189.26,111358.51,109891.44,110324.87,763.36999
2025-10-20 21:00:00,110328.98,111112.65,110256.51,110852.01,283.75647
2025-10-20 23:00:00,110847.92,111310.01,110500.0,110599.33,341.33485
2025-10-21 01:00:00,110599.33,110906.98,110446.75,110577.51,202.87687
2025-10-21 03:00:00,110577.5,110577.51,109591.92,109899.72,310.12735
2025-10-21 05:00:00,109899.37,109959.95,109109.53,109112.09,356.91575
2025-10-21 07:00:00,109112.08,109112.08,107515.36,107582.95,736.03139
2025-10-21 09:00:00,107582.95,108264.32,107540.66,108114.02,403.41433
2025-10-21 11:00:00,108114.02,108135.99,107515.75,107789.52,366.93891
2025-10-21 13:00:00,107789.52,108856.51,107605.88,108614.52,493.89969
2025-10-21 15:00:00,108614.53,109539.31,107946.37,108468.01,710.86585
2025-10-21 17:00:00,108479.1,113610.55,108452.52,113481.51,2120.29104
2025-10-21 19:00:00,113481.51,114075.77,111875.0,112068.36,1278.078
2025-10-21 21:00:00,112062.34,112355.2,111387.84,111845.0,513.73224
2025-10-21 23:00:00,111845.01,111869.93,110167.68,110878.61,641.09578
2025-10-22 01:00:00,110878.6,110878.6,108100.0,108369.01,1080.35098
2025-10-22 03:00:00,108369.0,108714.03,107894.69,108420.12,491.3114
2025-10-22 05:00:00,108420.21,108740.17,107926.22,108276.19,294.12701
2025-10-22 07:00:00,108276.2,108706.48,107945.67,108233.25,345.37975
2025-10-22 09:00:00,108233.25,108392.15,107490.74,108380.12,404.21896
2025-10-22 11:00:00,108380.11,108421.77,107833.0,108022.2,285.17677
2025-10-22 13:00:00,108022.19,108300.0,106700.0,107603.6,928.9958
2025-10-22 15:00:00,107603.6,109091.82,107500.01,108850.0,868.14779
2025-10-22 17:00:00,108846.15,109200.0,107528.75,108429.84,1583.31258
2025-10-22 19:00:00,108436.81,108815.81,107597.99,107812.31,888.08052
2025-10-22 21:00:00,107812.32,108428.57,107470.66,107891.37,573.7251
2025-10-22 23:00:00,107891.36,108088.29,106700.0,107221.31,820.56223
2025-10-23 01:00:00,107221.32,107969.36,106952.38,107603.52,444.83974
2025-10-23 03:00:00,107603.53,108531.42,107520.69,108190.06,440.43315
2025-10-23 05:00:00,108190.07,108748.36,108096.19,108400.68,215.70894
2025-10-23 07:00:00,108403.92,109025.69,108375.75,108985.22,273.07021
2025-10-23 09:00:00,108985.23,110352.13,108890.42,109307.72,707.87418
2025-10-23 11:00:00,109307.71,109955.63,109162.66,109465.7,328.03672
2025-10-23 13:00:00,109465.7,109750.0,109145.4,109290.22,270.29945
2025-10-23 15:00:00,109290.23,109667.4,108717.95,109533.68,494.8922
2025-10-23 17:00:00,109537.26,110153.83,108754.97,109944.67,559.11901
2025-10-23 19:00:00,109944.67,111344.41,109671.16,111277.9,806.58189
2025-10-23 21:00:00,111277.91,111338.24,110151.51,110249.68,538.59315
2025-10-23 23:00:00,110249.69,110251.4,109369.38,109590.18,362.2322
2025-10-24 01:00:00,109590.18,110207.45,109562.57,110113.58,228.2512
2025-10-24 03:00:00,110113.58,110756.74,110034.6,110635.14,300.20359
2025-10-24 05:00:00,110635.13,110858.81,110320.0,110492.0,194.86103
2025-10-24 07:00:00,110491.99,111511.62,110380.11,111296.04,332.60392
2025-10-24 09:00:00,111296.05,111567.99,110811.62,111094.9,281.5574
2025-10-24 11:00:00,111094.9,111530.33,110722.29,111373.68,309.50133
2025-10-24 13:00:00,111373.68,111373.68,110636.12,111105.38,220.66621
2025-10-24 15:00:00,111105.38,112176.46,110406.72,110971.02,887.14812
2025-10-24 17:00:00,110971.01,110971.01,109725.0,110075.61,671.16457
2025-10-24 19:00:00,110075.62,110600.0,109827.38,110238.91,289.62649
2025-10-24 21:00:00,110238.91,110961.3,110168.4,110636.77,208.76712
2025-10-24 23:00:00,110636.78,111138.59,110502.53,111111.92,200.09589
2025-10-25 01:00:00,111110.36,111167.0,110907.99,111035.94,83.4153
2025-10-25 03:00:00,111035.94,111253.6,110700.34,111100.88,132.11578
2025-10-25 05:00:00,111100.88,111165.03,110978.65,111052.27,67.94422
2025-10-25 07:00:00,111052.27,111469.98,111052.27,111409.98,148.08069
2025-10-25 09:00:00,111409.99,111838.45,111274.19,111521.07,262.11503
2025-10-25 11:00:00,111521.08,111860.93,111509.62,111548.16,299.67283
2025-10-25 13:00:00,111548.17,111748.87,111409.38,111598.19,144.74908
2025-10-25 15:00:00,111598.2,111977.25,111542.65,111703.23,290.68504
2025-10-25 17:00:00,111703.23,111790.6,111339.48,111412.21,135.55889
2025-10-25 19:00:00,111412.22,111510.4,111200.0,111405.57,178.15036
2025-10-25 21:00:00,111405.58,111758.82,111341.6,111645.85,135.27831
2025-10-25 23:00:00,111645.84,111679.83,111361.15,111499.99,98.37619
2025-10-26 01:00:00,111500.0,111709.73,111433.05,111672.09,93.26719
2025-10-26 03:00:00,111672.09,111950.86,111543.4,111658.41,140.86638
2025-10-26 05:00:00,111658.41,111712.4,111276.25,111283.99,129.11814
2025-10-26 07:00:00,111283.99,111669.73,111277.7,111633.78,87.12249
2025-10-26 09:00:00,111633.79,111750.0,111564.11,111750.0,61.74918
2025-10-26 11:00:00,111750.0,112830.96,111692.93,112555.81,440.48487
2025-10-26 13:00:00,112559.07,113490.07,112201.47,113306.19,478.08317
2025-10-26 15:00:00,113303.42,114027.0,113291.84,113725.59,681.56829
2025-10-26 17:00:00,113725.6,113908.06,113421.95,113715.99,334.96413
2025-10-26 19:00:00,113715.99,113779.38,113299.8,113446.88,285.22813
2025-10-26 21:00:00,113449.99,113812.33,113449.98,113610.13,141.39237
2025-10-26 23:00:00,113610.12,113616.97,112902.35,113502.24,192.16469
2025-10-27 01:00:00,113506.71,115497.0,113506.71,114574.42,861.13778
2025-10-27 03:00:00,114571.34,115400.0,114373.21,115291.41,442.94773
2025-10-27 05:00:00,115291.41,115472.45,114840.0,114993.89,396.61568
2025-10-27 07:00:00,114994.42,115662.64,114957.47,115568.2,307.82268
2025-10-27 09:00:00,115568.2,116416.84,115375.91,115565.31,653.46785
2025-10-27 11:00:00,115565.3,115626.05,114836.48,115260.0,365.69677
2025-10-27 13:00:00,115260.01,115557.9,115119.24,115361.05,229.58988
2025-10-27 15:00:00,115366.79,115448.23,114581.95,115271.65,311.07625
2025-10-27 17:00:00,115271.65,115366.99,114514.0,114980.57,409.20071
2025-10-27 19:00:00,114980.58,115731.37,114882.58,115714.84,297.03246
2025-10-27 21:00:00,115714.84,115808.36,114805.01,114970.97,261.81304
2025-10-27 23:00:00,114971.49,114971.49,114150.0,114323.99,328.54151
2025-10-28 01:00:00,114323.99,114610.38,113840.01,114119.2,307.8858
2025-10-28 03:00:00,114119.2,114544.79,113776.28,114438.44,313.02309
2025-10-28 05:00:00,114438.44,114491.44,113591.99,113922.88,278.4245
2025-10-28 07:00:00,113922.87,114081.09,113472.73,113616.99,232.21119
2025-10-28 09:00:00,113617.0,114367.89,113617.0,114192.8,270.06916
2025-10-28 11:00:00,114192.8,114634.14,114119.65,114531.45,203.94103
2025-10-28 13:00:00,114531.45,114678.11,114302.96,114357.77,138.38916
2025-10-28 15:00:00,114357.77,115539.75,114150.0,115539.66,370.74741
2025-10-28 17:00:00,115539.65,116104.12,114238.58,114640.86,718.2705
2025-10-28 19:00:00,114649.16,115608.95,114543.02,115313.27,384.93185
2025-10-28 21:00:00,115313.27,115381.92,113565.21,113708.37,444.19247
2025-10-28 23:00:00,113702.57,113726.59,112216.02,113024.9,743.2998
2025-10-29 01:00:00,113024.89,113318.05,112800.01,112925.5,193.04591
2025-10-29 03:00:00,112925.5,112991.45,112111.81,112520.73,315.67919
2025-10-29 05:00:00,112520.74,112811.49,112358.03,112547.0,156.37367
2025-10-29 07:00:00,112547.0,113387.57,112524.49,113065.69,199.53148
2025-10-29 09:00:00,113065.69,113614.36,113000.0,113596.78,192.28293
2025-10-29 11:00:00,113596.79,113656.34,112812.99,113009.25,178.35844
2025-10-29 13:00:00,113009.26,113271.36,112760.01,113160.18,210.24252
2025-10-29 15:00:00,113160.18,113686.81,112725.56,112902.01,373.87812
2025-10-29 17:00:00,112902.0,112950.58,111389.65,111528.0,691.57449
2025-10-29 19:00:00,111528.0,111948.7,110960.01,111898.29,462.73598
2025-10-29 21:00:00,111899.99,112031.99,109284.24,110681.94,1485.13723
2025-10-29 23:00:00,110681.94,111828.79,110426.76,111646.72,369.92477
